<?xml version="1.0" encoding="UTF-8"?>
<configuration>

    <!-- 로그 디렉토리 -->
    <property name="LOG_DIR" value="logs"/>

    <!-- 콘솔 로그 -->
    <appender name="CONSOLE" class="ch.qos.logback.core.ConsoleAppender">
        <encoder>
            <pattern>
                %d{yyyy-MM-dd HH:mm:ss.SSS} [%thread] %-5level %logger - %msg%n
            </pattern>
        </encoder>
    </appender>

    <!-- 파일 로그 (하루 단위 분리) -->
    <appender name="FILE" class="ch.qos.logback.core.rolling.RollingFileAppender">
        <file>${LOG_DIR}/was.log</file>

        <!-- 날짜 기준 Rolling -->
        <rollingPolicy class="ch.qos.logback.core.rolling.TimeBasedRollingPolicy">
            <fileNamePattern>${LOG_DIR}/was-%d{yyyy-MM-dd}.log</fileNamePattern>
            <maxHistory>30</maxHistory>
        </rollingPolicy>

        <encoder>
            <pattern>
                %d{yyyy-MM-dd HH:mm:ss.SSS} [%thread] %-5level %logger - %msg%n
            </pattern>
        </encoder>
    </appender>

    <!-- root logger -->
    <root level="INFO">
        <appender-ref ref="CONSOLE"/>
        <appender-ref ref="FILE"/>
    </root>

</configuration>
